<?xml version="1.0" encoding="UTF-8"?>
<beans xmlns="http://www.springframework.org/schema/beans" xmlns:xsi="http://www.w3.org/2001/XMLSchema-instance"
       xmlns:context="http://www.springframework.org/schema/context"
       xmlns:tx="http://www.springframework.org/schema/tx"
       xmlns:jpa="http://www.springframework.org/schema/data/jpa" xmlns:aop="http://www.springframework.org/schema/aop"
       xsi:schemaLocation="http://www.springframework.org/schema/beans http://www.springframework.org/schema/beans/spring-beans-4.0.xsd
		http://www.springframework.org/schema/context http://www.springframework.org/schema/context/spring-context-4.0.xsd
		http://www.springframework.org/schema/tx http://www.springframework.org/schema/tx/spring-tx-4.0.xsd
		http://www.springframework.org/schema/data/jpa http://www.springframework.org/schema/data/jpa/spring-jpa-1.3.xsd http://www.springframework.org/schema/aop http://www.springframework.org/schema/aop/spring-aop.xsd"
       default-lazy-init="true">

    <description>Spring公共配置</description>

    <!-- 使用annotation 自动注册bean,并检查@Required,@Autowired的属性已被注入 -->
    <context:component-scan base-package="com.wxt.news">
        <context:exclude-filter type="annotation" expression="org.springframework.stereotype.Controller"/>
        <context:exclude-filter type="annotation" expression="org.springframework.web.bind.annotation.ControllerAdvice"/>
    </context:component-scan>

    <!-- Jpa Entity Manager 配置 -->
    <bean id="entityManagerFactory" class="org.springframework.orm.jpa.LocalContainerEntityManagerFactoryBean">
        <property name="dataSource" ref="dataSource"/>
        <property name="jpaVendorAdapter" ref="hibernateJpaVendorAdapter"/>
        <property name="packagesToScan" value="com.wxt.news"/>
        <property name="jpaProperties">
            <props>
                <!--<prop key="hibernate.cache.region.factory_class">org.hibernate.cache.ehcache.EhCacheRegionFactory</prop>-->
                <!--<prop key="net.sf.ehcache.configurationResourceName">cache/ehcache-hibernate-local.xml</prop>-->
                <prop key="hibernate.ejb.naming_strategy">org.hibernate.cfg.ImprovedNamingStrategy</prop>
            </props>
        </property>
    </bean>

    <bean id="hibernateJpaVendorAdapter" class="org.springframework.orm.jpa.vendor.HibernateJpaVendorAdapter">
        <property name="databasePlatform">
            <bean factory-method="getDialect" class="com.wxt.news.persistence.Hibernates">
                <constructor-arg ref="dataSource"/>
            </bean>
        </property>
        <property name="showSql" value="true"/>
        <property name="generateDdl" value="false"/>
    </bean>

    <!-- Spring Data Jpa配置, 扫描base-package下所有继承于Repository<T,ID>的接口 -->
    <jpa:repositories base-package="com.wxt.news.repository" transaction-manager-ref="transactionManager"
                      entity-manager-factory-ref="entityManagerFactory"/>

    <!-- 事务管理器配置, Jpa单数据源事务 -->
    <bean id="transactionManager" class="org.springframework.orm.jpa.JpaTransactionManager">
        <property name="entityManagerFactory" ref="entityManagerFactory"/>
    </bean>

    <!-- 使用annotation定义事务 -->
    <tx:annotation-driven transaction-manager="transactionManager" proxy-target-class="true"/>

    <!-- 定义aspectj -->
    <aop:aspectj-autoproxy proxy-target-class="true"/>

    <!-- hibernate validator -->
    <bean id="validator" class="org.springframework.validation.beanvalidation.LocalValidatorFactoryBean"/>


    <!-- production环境 -->

    <context:property-placeholder ignore-resource-not-found="true"
                                  location="classpath*:/application.properties"/>
    <!-- 数据源配置,使用应用内的Tomcat JDBC连接池 -->
    <bean id="dataSource" class="com.alibaba.druid.pool.DruidDataSource" init-method="init" destroy-method="close">
        <property name="url" value="${jdbc.url}"/>
        <property name="username" value="${jdbc.username}"/>
        <property name="password" value="${jdbc.password}"/>
        <property name="filters" value="stat"/>
        <property name="maxActive" value="18"/>
        <property name="initialSize" value="2"/>
        <property name="maxWait" value="60"/>
        <property name="minIdle" value="4"/>
        <property name="timeBetweenEvictionRunsMillis" value="60000"/>
        <property name="minEvictableIdleTimeMillis" value="300000"/>
        <property name="validationQuery" value="SELECT 'x'"/>
        <property name="testWhileIdle" value="true"/>
        <property name="testOnBorrow" value="false"/>
        <property name="testOnReturn" value="false"/>
        <property name="maxOpenPreparedStatements" value="20"/>
        <property name="removeAbandoned" value="true"/>
        <!-- 打开removeAbandoned功能 -->
        <property name="removeAbandonedTimeout" value="1800"/>
        <!-- 1800秒，也就是30分钟 -->
        <property name="logAbandoned" value="true"/>
        <!-- 关闭abanded连接时输出错误日志 -->
    </bean>

</beans>